{"v":5,"entries":{"example-attachments-附件上传组件-📪️--attachments-demo":{"type":"story","id":"example-attachments-附件上传组件-📪️--attachments-demo","name":"Attachments Demo","title":"Example/Attachments 附件上传组件 📪️","importPath":"./src/stories/Attachments/Attachments.stories.ts","componentPath":"./src/stories/Attachments/index.vue","tags":["dev","test","autodocs"]},"example-attachments-附件上传组件-📪️--solt":{"type":"story","id":"example-attachments-附件上传组件-📪️--solt","name":"Solt Demo","title":"Example/Attachments 附件上传组件 📪️","importPath":"./src/stories/Attachments/Attachments.stories.ts","componentPath":"./src/stories/Attachments/index.vue","tags":["dev","test","autodocs"]},"example-bubble-对话气泡-🔥--bubble-demo":{"type":"story","id":"example-bubble-对话气泡-🔥--bubble-demo","name":"Bubble Demo","title":"Example/Bubble 对话气泡 🔥","importPath":"./src/stories/Bubble/Bubble.stories.ts","componentPath":"./src/stories/Bubble/index.vue","tags":["dev","test","autodocs"]},"example-bubble-对话气泡-🔥--solt-demo":{"type":"story","id":"example-bubble-对话气泡-🔥--solt-demo","name":"Solt Demo","title":"Example/Bubble 对话气泡 🔥","importPath":"./src/stories/Bubble/Bubble.stories.ts","componentPath":"./src/stories/Bubble/index.vue","tags":["dev","test","autodocs"]},"example-bubblelist-气泡列表-🍅--bubble-list-demo":{"type":"story","id":"example-bubblelist-气泡列表-🍅--bubble-list-demo","name":"Bubble List Demo","title":"Example/BubbleList 气泡列表 🍅","importPath":"./src/stories/BubbleList/BubbleList.stories.ts","componentPath":"./src/stories/BubbleList/index.vue","tags":["dev","test","autodocs"]},"example-bubblelist-气泡列表-🍅--solt-demo":{"type":"story","id":"example-bubblelist-气泡列表-🍅--solt-demo","name":"Solt Demo","title":"Example/BubbleList 气泡列表 🍅","importPath":"./src/stories/BubbleList/BubbleList.stories.ts","componentPath":"./src/stories/BubbleList/index.vue","tags":["dev","test","autodocs"]},"example-conversations-会话管理组件-📱--conversations-demo":{"type":"story","id":"example-conversations-会话管理组件-📱--conversations-demo","name":"Conversations Demo","title":"Example/Conversations 会话管理组件 📱","importPath":"./src/stories/Conversations/Conversations.stories.ts","componentPath":"./src/stories/Conversations/index.vue","tags":["dev","test"]},"example-conversations-会话管理组件-📱--style-solt-demo":{"type":"story","id":"example-conversations-会话管理组件-📱--style-solt-demo","name":"Style Solt Demo","title":"Example/Conversations 会话管理组件 📱","importPath":"./src/stories/Conversations/Conversations.stories.ts","componentPath":"./src/stories/Conversations/index.vue","tags":["dev","test"]},"example-editorsender--editor-sender-demo":{"type":"story","id":"example-editorsender--editor-sender-demo","name":"Editor Sender Demo","title":"Example/EditorSender","importPath":"./src/stories/EditorSender/EditorSender.stories.ts","tags":["dev","test"]},"example-editorsender--other-editor-sender-demo":{"type":"story","id":"example-editorsender--other-editor-sender-demo","name":"Other Editor Sender Demo","title":"Example/EditorSender","importPath":"./src/stories/EditorSender/EditorSender.stories.ts","tags":["dev","test"]},"example-filescard-文件卡片-📇--files-card-demo":{"type":"story","id":"example-filescard-文件卡片-📇--files-card-demo","name":"Files Card Demo","title":"Example/FilesCard 文件卡片 📇","importPath":"./src/stories/FilesCard/FilesCard.stories.ts","componentPath":"./src/stories/FilesCard/index.vue","tags":["dev","test"]},"example-filescard-文件卡片-📇--style-solt-demo":{"type":"story","id":"example-filescard-文件卡片-📇--style-solt-demo","name":"Style Solt Demo","title":"Example/FilesCard 文件卡片 📇","importPath":"./src/stories/FilesCard/FilesCard.stories.ts","componentPath":"./src/stories/FilesCard/index.vue","tags":["dev","test"]},"example-mentionsender-提及输入框-🦥--mention-sender-demo":{"type":"story","id":"example-mentionsender-提及输入框-🦥--mention-sender-demo","name":"Mention Sender Demo","title":"Example/MentionSender 提及输入框 🦥","importPath":"./src/stories/MentionSender/MentionSender.stories.ts","componentPath":"./src/stories/MentionSender/index.vue","tags":["dev","test"]},"example-mentionsender-提及输入框-🦥--slot-demo":{"type":"story","id":"example-mentionsender-提及输入框-🦥--slot-demo","name":"Slot Demo","title":"Example/MentionSender 提及输入框 🦥","importPath":"./src/stories/MentionSender/MentionSender.stories.ts","componentPath":"./src/stories/MentionSender/index.vue","tags":["dev","test"]},"example-prompts-提示集组件-🎁--prompts-demo":{"type":"story","id":"example-prompts-提示集组件-🎁--prompts-demo","name":"Prompts Demo","title":"Example/Prompts 提示集组件 🎁","importPath":"./src/stories/Prompts/Prompts.stories.ts","componentPath":"./src/stories/Prompts/index.vue","tags":["dev","test"]},"example-prompts-提示集组件-🎁--children-demo":{"type":"story","id":"example-prompts-提示集组件-🎁--children-demo","name":"Children Demo","title":"Example/Prompts 提示集组件 🎁","importPath":"./src/stories/Prompts/Prompts.stories.ts","componentPath":"./src/stories/Prompts/index.vue","tags":["dev","test"]},"example-prompts-提示集组件-🎁--style-demo":{"type":"story","id":"example-prompts-提示集组件-🎁--style-demo","name":"Style Demo","title":"Example/Prompts 提示集组件 🎁","importPath":"./src/stories/Prompts/Prompts.stories.ts","componentPath":"./src/stories/Prompts/index.vue","tags":["dev","test"]},"example-sender-输入框-💭--sender-demo":{"type":"story","id":"example-sender-输入框-💭--sender-demo","name":"Sender Demo","title":"Example/Sender 输入框 💭","importPath":"./src/stories/Sender/Sender.stories.ts","componentPath":"./src/stories/Sender/index.vue","tags":["dev","test"]},"example-sender-输入框-💭--slot-demo":{"type":"story","id":"example-sender-输入框-💭--slot-demo","name":"Slot Demo","title":"Example/Sender 输入框 💭","importPath":"./src/stories/Sender/Sender.stories.ts","componentPath":"./src/stories/Sender/index.vue","tags":["dev","test"]},"example-thinking-思考中-🍓--thinking-demo":{"type":"story","id":"example-thinking-思考中-🍓--thinking-demo","name":"Thinking Demo","title":"Example/Thinking 思考中 🍓","importPath":"./src/stories/Thinking/Thinking.stories.ts","componentPath":"./src/stories/Thinking/index.vue","tags":["dev","test","autodocs"]},"example-thoughtchain-思维链-🔗--thought-chain-demo":{"type":"story","id":"example-thoughtchain-思维链-🔗--thought-chain-demo","name":"Thought Chain Demo","title":"Example/ThoughtChain 思维链 🔗","importPath":"./src/stories/ThoughtChain/ThoughtChain.stories.ts","componentPath":"./src/stories/ThoughtChain/index.vue","tags":["dev","test"]},"example-thoughtchain-思维链-🔗--custom-icon-demo":{"type":"story","id":"example-thoughtchain-思维链-🔗--custom-icon-demo","name":"Custom Icon Demo","title":"Example/ThoughtChain 思维链 🔗","importPath":"./src/stories/ThoughtChain/ThoughtChain.stories.ts","componentPath":"./src/stories/ThoughtChain/index.vue","tags":["dev","test"]},"example-typewriter-打字器组件-✍--typewriter-demo":{"type":"story","id":"example-typewriter-打字器组件-✍--typewriter-demo","name":"Typewriter Demo","title":"Example/Typewriter 打字器组件 ✍","importPath":"./src/stories/Typewriter/Typewriter.stories.ts","componentPath":"./src/stories/Typewriter/index.vue","tags":["dev","test","autodocs"]},"example-typewriter-打字器组件-✍--math-render-demo":{"type":"story","id":"example-typewriter-打字器组件-✍--math-render-demo","name":"Math Render Demo","title":"Example/Typewriter 打字器组件 ✍","importPath":"./src/stories/Typewriter/Typewriter.stories.ts","componentPath":"./src/stories/Typewriter/index.vue","tags":["dev","test","autodocs"]},"example-welcome-欢迎-🌹--welcome-demo":{"type":"story","id":"example-welcome-欢迎-🌹--welcome-demo","name":"Welcome Demo","title":"Example/Welcome 欢迎 🌹","importPath":"./src/stories/Welcome/Welcome.stories.ts","componentPath":"./src/stories/Welcome/index.vue","tags":["dev","test"]},"example-welcome-欢迎-🌹--slot-demo":{"type":"story","id":"example-welcome-欢迎-🌹--slot-demo","name":"Slot Demo","title":"Example/Welcome 欢迎 🌹","importPath":"./src/stories/Welcome/Welcome.stories.ts","componentPath":"./src/stories/Welcome/index.vue","tags":["dev","test"]},"example-xmarkdown-渲染组件-📜--markdown-demo":{"type":"story","id":"example-xmarkdown-渲染组件-📜--markdown-demo","name":"Markdown Demo","title":"Example/XMarkdown 渲染组件 📜","importPath":"./src/stories/XMarkdown/Markdown.stories.ts","componentPath":"./src/stories/XMarkdown/index.vue","tags":["dev","test","autodocs"]},"example-xmarkdown-渲染组件-📜--highlight-md-content-demo":{"type":"story","id":"example-xmarkdown-渲染组件-📜--highlight-md-content-demo","name":"Highlight Md Content Demo","title":"Example/XMarkdown 渲染组件 📜","importPath":"./src/stories/XMarkdown/Markdown.stories.ts","componentPath":"./src/stories/XMarkdown/index.vue","tags":["dev","test","autodocs"]},"example-xmarkdown-渲染组件-📜--pie-render-demo":{"type":"story","id":"example-xmarkdown-渲染组件-📜--pie-render-demo","name":"Pie Render Demo","title":"Example/XMarkdown 渲染组件 📜","importPath":"./src/stories/XMarkdown/Markdown.stories.ts","componentPath":"./src/stories/XMarkdown/index.vue","tags":["dev","test","autodocs"]},"example-xmarkdown-渲染组件-📜--math-render-demo":{"type":"story","id":"example-xmarkdown-渲染组件-📜--math-render-demo","name":"Math Render Demo","title":"Example/XMarkdown 渲染组件 📜","importPath":"./src/stories/XMarkdown/Markdown.stories.ts","componentPath":"./src/stories/XMarkdown/index.vue","tags":["dev","test","autodocs"]},"example-xmarkdown-渲染组件-📜--mermaid-slot-demo":{"type":"story","id":"example-xmarkdown-渲染组件-📜--mermaid-slot-demo","name":"Mermaid Slot Demo","title":"Example/XMarkdown 渲染组件 📜","importPath":"./src/stories/XMarkdown/Markdown.stories.ts","componentPath":"./src/stories/XMarkdown/index.vue","tags":["dev","test","autodocs"]},"example-xmarkdown-渲染组件-📜--custom-attrs-demo":{"type":"story","id":"example-xmarkdown-渲染组件-📜--custom-attrs-demo","name":"Custom Attrs Demo","title":"Example/XMarkdown 渲染组件 📜","importPath":"./src/stories/XMarkdown/Markdown.stories.ts","componentPath":"./src/stories/XMarkdown/index.vue","tags":["dev","test","autodocs"]}}}